{"count":1,"self":2238.8373504,"total":17953.765348999998,"children":{"AgentSendState":{"count":16604210,"self":76.155244799999991,"total":200.5231772,"children":{"CollectObservations":{"count":20755275,"self":37.6548544,"total":37.654855999999995,"children":null},"CollectDiscreteActionMasks":{"count":20755275,"self":6.4816791999999994,"total":6.4816791,"children":null},"AgentInfo.ToProto":{"count":20755275,"self":30.3012032,"total":80.2313989,"children":{"GenerateSensorData":{"count":20755275,"self":49.9301952,"total":49.930194199999995,"children":null}}}}},"DecideAction":{"count":16604210,"self":13467.3465344,"total":13467.3464713,"children":null},"AgentAct":{"count":16604210,"self":2021.0704383999998,"total":2047.057427,"children":{"AgentInfo.ToProto":{"count":2663290,"self":9.7106224,"total":25.9870634,"children":{"GenerateSensorData":{"count":2663290,"self":16.27644,"total":16.2764406,"children":null}}}}}},"gauges":{"KaudaArm.CumulativeReward":{"count":2663290,"max":3.89867353,"min":-1.99867308,"runningAverage":0.697000861,"value":0.813333631,"weightedAverage":0.751622736}},"metadata":{"timer_format_version":"0.1.0","start_time_seconds":"1642257247","unity_version":"2019.3.13f1","command_line_arguments":"C:\\Program Files\\Unity\\Hub\\Editor\\2019.3.13f1\\Editor\\Unity.exe -projectpath D:\/PROJECTS\/KaudaRobotArmMachineLearning -useHub -hubIPC -cloudEnvironment production -hubSessionId b3e57870-760f-11ec-977c-f38dea395fe8","communication_protocol_version":"1.0.0","com.unity.ml-agents_version":"1.0.8","scene_name":"SampleScene","end_time_seconds":"1642275201"}}