{"count":1,"self":204.30342399999998,"total":4503.0433859999994,"children":{"InitializeActuators":{"count":25,"self":0.0019825999999999997,"total":0.0019825999999999997,"children":null},"InitializeSensors":{"count":25,"self":0.00099669999999999989,"total":0.00099669999999999989,"children":null},"AgentSendState":{"count":1111276,"self":38.8386304,"total":124.65505049999999,"children":{"CollectObservations":{"count":5556400,"self":30.520524799999997,"total":30.520523599999997,"children":null},"CollectDiscreteActionMasks":{"count":5556400,"self":1.7064051999999998,"total":1.7064051,"children":null},"RequestDecision":{"count":5556400,"self":14.3487552,"total":53.589490299999994,"children":{"AgentInfo.ToProto":{"count":5556400,"self":8.5397768,"total":39.2407359,"children":{"GenerateSensorData":{"count":5556400,"self":30.70096,"total":30.7009592,"children":null}}}}}}},"DecideAction":{"count":1111276,"self":3522.7123712,"total":3522.712205,"children":null},"AgentAct":{"count":1111276,"self":650.8461056,"total":651.3687214,"children":{"AgentInfo.ToProto":{"count":39802,"self":0.1353918,"total":0.5226408,"children":{"GenerateSensorData":{"count":39802,"self":0.387249,"total":0.387249,"children":null}}}}}},"gauges":{"KaudaArm.CumulativeReward":{"count":39802,"max":2.22440982,"min":-5.138136,"runningAverage":1.26648879,"value":0.31364572,"weightedAverage":0.8562094}},"metadata":{"timer_format_version":"0.1.0","start_time_seconds":"1651166312","unity_version":"2021.1.17f1","command_line_arguments":"C:\\Program Files\\Unity\\Hub\\Editor\\2021.1.17f1\\Editor\\Unity.exe -projectpath D:\\PROJECTS\\KaudaRobotArmMachineLearning -useHub -hubIPC -cloudEnvironment production -licensingIpc LicenseClient-leyva.r -hubSessionId 7d67d250-c706-11ec-942b-754eebba9bd6 -accessToken mukRuKqCekNsnn-_O6QH0l0SKbm5C1fh5Det2hLD66U004f","communication_protocol_version":"1.1.0","com.unity.ml-agents_version":"1.4.0-preview","scene_name":"TrainingScene","end_time_seconds":"1651170815"}}